City_ID,City,Lat,Lng,Max Temp,Humidity,Cloudiness,Wind Speed,Country,Date
0,lagoa,39.05,-27.9833,66.45,66,92,11.68,PT,2021-09-19 01:21:01
1,ketchikan,55.3422,-131.6461,54.07,87,90,0.0,US,2021-09-19 01:20:27
2,severo-kurilsk,50.6789,156.125,52.68,92,100,14.16,RU,2021-09-19 01:19:54
3,vrangel,42.7297,133.0839,68.05,66,100,7.29,RU,2021-09-19 01:26:56
4,norman wells,65.282,-126.8329,51.84,62,75,13.8,CA,2021-09-19 01:20:22
5,rassvet,46.8333,40.75,59.41,75,100,15.66,RU,2021-09-19 01:26:56
6,ribeira grande,38.5167,-28.7,68.22,67,100,8.81,PT,2021-09-19 01:18:46
7,hobart,-42.8794,147.3294,62.46,48,40,25.32,AU,2021-09-19 01:19:53
8,uberaba,-19.7483,-47.9319,82.98,28,55,5.75,BR,2021-09-19 01:26:56
9,prachin buri,14.0833,101.6667,79.88,84,28,1.03,TH,2021-09-19 01:26:56
10,longyearbyen,78.2186,15.6401,46.24,81,75,12.66,SJ,2021-09-19 01:20:37
11,hilo,19.7297,-155.09,83.93,59,40,9.22,US,2021-09-19 01:15:37
12,port elizabeth,-33.918,25.5701,61.09,77,0,13.8,ZA,2021-09-19 01:20:22
13,punta arenas,-53.15,-70.9167,39.31,81,0,9.22,CL,2021-09-19 01:17:31
14,atuona,-9.8,-139.0333,77.77,74,19,17.47,PF,2021-09-19 01:18:08
15,albany,42.6001,-73.9662,69.8,71,27,5.48,US,2021-09-19 01:17:49
16,hermanus,-34.4187,19.2345,56.89,76,6,2.1,ZA,2021-09-19 01:17:59
17,jamestown,42.097,-79.2353,65.52,89,1,1.01,US,2021-09-19 01:18:20
18,busselton,-33.65,115.3333,56.08,83,37,11.48,AU,2021-09-19 01:19:47
19,butaritari,3.0707,172.7902,82.83,69,6,17.52,KI,2021-09-19 01:17:47
20,new norfolk,-42.7826,147.0587,62.1,73,100,7.0,AU,2021-09-19 01:19:40
21,oktyabrskoye,43.0645,44.7417,51.94,100,61,6.71,RU,2021-09-19 01:26:57
22,east london,-33.0153,27.9116,59.99,76,19,23.33,ZA,2021-09-19 01:18:54
23,puerto ayora,-0.7393,-90.3518,69.55,92,46,7.0,EC,2021-09-19 01:20:06
24,graaff-reinet,-32.2522,24.5308,65.05,41,100,7.45,ZA,2021-09-19 01:20:08
25,chino valley,34.7575,-112.4538,75.51,72,90,3.0,US,2021-09-19 01:26:57
26,bosaso,11.2842,49.1816,88.29,57,17,3.8,SO,2021-09-19 01:26:57
27,la romana,18.4273,-68.9728,82.13,89,20,5.75,DO,2021-09-19 01:23:40
28,trowbridge,51.3189,-2.2086,60.66,94,100,3.6,GB,2021-09-19 01:26:58
29,motygino,58.1831,94.7592,47.5,95,99,3.56,RU,2021-09-19 01:26:58
30,ayan,56.45,138.1667,48.25,53,100,20.13,RU,2021-09-19 01:26:58
31,caramay,10.1815,119.236,83.82,68,16,2.35,PH,2021-09-19 01:26:58
32,castro,-24.7911,-50.0119,64.67,84,39,1.79,BR,2021-09-19 01:20:21
33,avarua,-21.2078,-159.775,78.85,65,11,16.11,CK,2021-09-19 01:19:46
34,mataura,-46.1927,168.8643,48.47,70,100,5.32,NZ,2021-09-19 01:17:55
35,narsaq,60.9167,-46.05,41.22,94,100,4.16,GL,2021-09-19 01:18:37
36,thompson,55.7435,-97.8558,55.56,67,75,4.61,CA,2021-09-19 01:19:49
37,port alfred,-33.5906,26.891,60.06,77,95,30.2,ZA,2021-09-19 01:19:43
38,sibu,2.3,111.8167,79.11,89,40,8.05,MY,2021-09-19 01:26:59
39,beauchamps,50.012,1.5176,58.32,78,100,5.03,FR,2021-09-19 01:26:59
40,mount gambier,-37.8333,140.7667,53.51,94,90,18.41,AU,2021-09-19 01:20:11
41,kapaa,22.0752,-159.319,84.18,67,20,3.0,US,2021-09-19 01:20:08
42,geraldton,-28.7667,114.6,64.81,63,3,10.36,AU,2021-09-19 01:26:59
43,pochutla,15.7432,-96.4661,81.82,88,100,1.63,MX,2021-09-19 01:27:00
44,arraial do cabo,-22.9661,-42.0278,69.8,91,6,3.11,BR,2021-09-19 01:18:10
45,hambantota,6.1241,81.1185,80.08,81,100,7.52,LK,2021-09-19 01:19:40
46,helena,46.5927,-112.0361,78.42,31,1,17.0,US,2021-09-19 01:26:55
47,luganville,-15.5333,167.1667,79.93,81,53,14.14,VU,2021-09-19 01:27:00
48,pingxiang,27.6167,113.85,86.95,57,12,1.74,CN,2021-09-19 01:27:00
49,vaini,-21.2,-175.2,71.76,94,90,10.36,TO,2021-09-19 01:19:39
50,kodiak,57.79,-152.4072,52.47,52,0,8.12,US,2021-09-19 01:16:52
51,kichera,55.9375,110.0997,52.52,45,96,2.13,RU,2021-09-19 01:27:00
52,ushuaia,-54.8,-68.3,38.86,70,0,3.44,AR,2021-09-19 01:19:43
53,khasan,42.4308,130.6434,67.78,60,100,2.21,RU,2021-09-19 01:27:01
54,coihaique,-45.5752,-72.0662,39.15,87,40,5.75,CL,2021-09-19 01:27:01
55,fortuna,40.5982,-124.1573,67.93,67,64,5.01,US,2021-09-19 01:15:51
56,rikitea,-23.1203,-134.9692,72.95,75,9,7.34,PF,2021-09-19 01:19:47
57,surt,31.2089,16.5887,78.46,57,0,12.73,LY,2021-09-19 01:20:34
58,dunedin,-45.8742,170.5036,49.8,77,100,11.01,NZ,2021-09-19 01:27:01
59,bluff,-46.6,168.3333,48.79,78,100,14.03,NZ,2021-09-19 01:19:45
60,victoria,22.2855,114.1577,89.65,84,58,1.01,HK,2021-09-19 01:19:42
61,touros,-5.1989,-35.4608,77.9,76,8,16.71,BR,2021-09-19 01:15:54
62,cape town,-33.9258,18.4232,59.11,78,40,7.0,ZA,2021-09-19 01:17:21
63,alghero,40.5589,8.3181,66.29,100,75,1.14,IT,2021-09-19 01:27:01
64,souillac,-20.5167,57.5167,68.38,94,75,5.75,MU,2021-09-19 01:19:44
65,georgetown,5.4112,100.3354,82.33,88,20,5.75,MY,2021-09-19 01:15:21
66,bairiki,1.3292,172.9752,87.8,66,40,17.27,KI,2021-09-19 01:27:02
67,khatanga,71.9667,102.5,31.59,68,1,13.04,RU,2021-09-19 01:20:01
68,ribas do rio pardo,-20.4431,-53.7592,83.39,32,13,4.54,BR,2021-09-19 01:27:02
69,kavieng,-2.5744,150.7967,84.25,73,22,15.01,PG,2021-09-19 01:18:30
70,bijar,35.8668,47.6051,55.08,45,0,3.47,IR,2021-09-19 01:27:02
71,nikolskoye,59.7035,30.7861,39.09,85,100,6.38,RU,2021-09-19 01:19:43
72,mahebourg,-20.4081,57.7,68.29,94,75,5.75,MU,2021-09-19 01:19:46
73,soavinandriana,-19.1667,46.7333,52.16,89,36,5.66,MG,2021-09-19 01:27:03
74,te anau,-45.4167,167.7167,44.4,93,100,6.51,NZ,2021-09-19 01:20:42
75,lasa,46.6166,10.7002,59.88,93,79,0.98,IT,2021-09-19 01:27:03
76,sakakah,29.9697,40.2064,80.17,22,0,8.48,SA,2021-09-19 01:27:03
77,guerrero negro,27.9769,-114.0611,71.51,74,16,19.48,MX,2021-09-19 01:19:54
78,billings,45.7833,-108.5007,81.16,23,75,14.97,US,2021-09-19 01:22:39
79,tromso,69.6496,18.957,46.42,76,75,11.5,NO,2021-09-19 01:26:39
80,bethel,41.3712,-73.414,73.71,87,40,3.44,US,2021-09-19 01:20:00
81,mikhaylovskoye,51.8239,79.7172,47.16,53,100,11.7,RU,2021-09-19 01:27:03
82,kupang,-10.1667,123.5833,88.38,45,20,20.71,ID,2021-09-19 01:27:04
83,eureka,40.8021,-124.1637,68.2,75,60,4.0,US,2021-09-19 01:23:41
84,carnarvon,-24.8667,113.6333,68.07,42,0,18.41,AU,2021-09-19 01:17:50
85,ilulissat,69.2167,-51.1,21.22,63,0,2.3,GL,2021-09-19 01:14:44
86,egvekinot,66.3167,-179.1667,32.38,81,86,5.39,RU,2021-09-19 01:27:04
87,tarakan,3.3,117.6333,78.3,89,75,2.3,ID,2021-09-19 01:27:04
88,kemijarvi,66.7131,27.4306,40.03,83,100,3.67,FI,2021-09-19 01:27:05
89,balagansk,54.0103,103.0544,52.52,66,31,2.53,RU,2021-09-19 01:27:05
90,luwuk,-0.9516,122.7875,82.06,68,100,4.92,ID,2021-09-19 01:27:05
91,llano de piedra,7.6667,-80.5667,77.79,90,100,1.79,PA,2021-09-19 01:27:05
92,taft,31.7471,54.2088,69.75,14,0,4.61,IR,2021-09-19 01:27:06
93,faanui,-16.4833,-151.75,77.83,75,16,17.65,PF,2021-09-19 01:19:43
94,sioux lookout,50.1001,-91.917,62.98,55,20,10.36,CA,2021-09-19 01:20:24
95,esperance,-33.8667,121.9,60.64,82,100,12.12,AU,2021-09-19 01:19:57
96,rio grande,-32.035,-52.0986,62.94,93,19,8.32,BR,2021-09-19 01:16:57
97,concordia,-31.393,-58.0209,61.59,88,0,9.22,AR,2021-09-19 01:27:06
98,pevek,69.7008,170.3133,31.32,73,100,15.84,RU,2021-09-19 01:20:12
99,ancud,-41.8697,-73.8203,45.93,83,14,3.67,CL,2021-09-19 01:19:48
100,rabo de peixe,37.8,-25.5833,65.71,72,40,8.05,PT,2021-09-19 01:27:06
101,matagami,49.7502,-77.6328,42.91,100,40,4.61,CA,2021-09-19 01:27:06
102,kloulklubed,7.0419,134.2556,81.1,80,100,19.01,PW,2021-09-19 01:20:50
103,cabo san lucas,22.8909,-109.9124,92.61,74,20,8.05,MX,2021-09-19 01:19:02
104,tawala,9.5542,123.7696,82.92,68,76,1.07,PH,2021-09-19 01:27:07
105,zhezkazgan,47.8043,67.7144,46.13,57,32,8.16,KZ,2021-09-19 01:21:19
106,cockburn town,21.4612,-71.1419,82.92,69,0,15.93,TC,2021-09-19 01:19:52
107,marsh harbour,26.5412,-77.0636,83.16,68,11,6.67,BS,2021-09-19 01:20:57
108,qaanaaq,77.484,-69.3632,12.88,74,100,6.33,GL,2021-09-19 01:18:00
109,calvinia,-31.4707,19.776,49.05,60,77,2.48,ZA,2021-09-19 01:27:07
110,luderitz,-26.6481,15.1594,53.29,87,32,6.08,NA,2021-09-19 01:20:09
111,lavrentiya,65.5833,-171.0,39.13,92,100,10.22,RU,2021-09-19 01:27:07
112,palmer,42.1584,-72.3287,71.44,83,40,4.61,US,2021-09-19 01:27:07
113,walvis bay,-22.9575,14.5053,53.1,81,0,5.75,NA,2021-09-19 01:23:23
114,espumoso,-28.7247,-52.8497,64.04,94,6,5.3,BR,2021-09-19 01:27:08
115,kefalos,36.7453,26.9589,73.62,94,75,0.0,GR,2021-09-19 01:27:08
116,saint-philippe,-21.3585,55.7679,71.15,75,100,17.31,RE,2021-09-19 01:17:53
117,chuy,-33.6971,-53.4616,58.05,98,25,6.6,UY,2021-09-19 01:20:48
118,hualmay,-11.0964,-77.6139,61.75,81,74,10.02,PE,2021-09-19 01:21:17
119,roald,62.5833,6.1333,54.09,87,90,5.75,NO,2021-09-19 01:20:25
120,dikson,73.5069,80.5464,34.12,75,10,26.13,RU,2021-09-19 01:18:33
121,ust-kuyga,70.0167,135.6,33.96,71,98,18.66,RU,2021-09-19 01:27:08
122,mau,25.95,83.55,79.29,87,1,1.97,IN,2021-09-19 01:27:09
123,bilibino,68.0546,166.4372,29.3,73,42,6.02,RU,2021-09-19 01:19:57
124,okha,53.5739,142.9478,51.51,62,31,21.79,RU,2021-09-19 01:27:09
125,adamas,36.7333,24.4333,76.42,81,0,7.61,GR,2021-09-19 01:27:09
126,kuna,43.4918,-116.4201,66.4,51,1,8.05,US,2021-09-19 01:27:09
127,kruisfontein,-34.0033,24.7314,51.89,84,0,6.53,ZA,2021-09-19 01:19:52
128,necochea,-38.5473,-58.7368,51.04,84,6,11.05,AR,2021-09-19 01:19:47
129,progreso,21.2833,-89.6667,87.12,79,100,14.07,MX,2021-09-19 01:20:54
130,sao filipe,14.8961,-24.4956,79.16,82,57,5.03,CV,2021-09-19 01:20:52
131,laguna,38.421,-121.4238,78.64,63,1,7.0,US,2021-09-19 01:18:33
132,san francisco,37.7749,-122.4194,72.46,87,40,1.99,US,2021-09-19 01:25:28
133,uravakonda,14.95,77.2667,75.22,76,98,5.5,IN,2021-09-19 01:27:10
134,san patricio,28.017,-97.5169,86.68,61,0,7.47,US,2021-09-19 01:20:37
135,hithadhoo,-0.6,73.0833,83.12,73,100,6.96,MV,2021-09-19 01:19:42
136,avera,33.194,-82.5271,80.47,62,100,2.19,US,2021-09-19 01:19:19
137,ust-omchug,61.15,149.6333,43.21,94,100,4.94,RU,2021-09-19 01:20:55
138,iroquois falls,48.7669,-80.6831,46.54,78,90,2.17,CA,2021-09-19 01:27:10
139,port hardy,50.6996,-127.4199,55.58,88,75,9.22,CA,2021-09-19 01:22:21
140,manoel urbano,-8.8389,-69.2597,79.74,66,87,1.77,BR,2021-09-19 01:27:10
141,benjamin aceval,-24.9667,-57.5667,86.14,49,65,7.38,PY,2021-09-19 01:27:10
142,mlada vozice,49.5331,14.8086,54.1,93,98,6.46,CZ,2021-09-19 01:27:11
143,tuktoyaktuk,69.4541,-133.0374,42.8,100,90,2.3,CA,2021-09-19 01:20:07
144,mahanje,-9.9333,35.3333,61.75,61,11,2.35,TZ,2021-09-19 01:27:11
145,lorengau,-2.0226,147.2712,83.68,75,98,7.05,PG,2021-09-19 01:18:56
146,port lincoln,-34.7333,135.8667,63.3,51,6,25.34,AU,2021-09-19 01:19:40
147,boueni,-12.9025,45.0761,76.98,76,74,20.71,YT,2021-09-19 01:27:11
148,willowmore,-33.2926,23.4895,48.61,69,0,2.28,ZA,2021-09-19 01:27:12
149,yellowknife,62.456,-114.3525,50.52,46,75,18.41,CA,2021-09-19 01:19:42
150,mar del plata,-38.0023,-57.5575,53.62,100,90,8.05,AR,2021-09-19 01:17:06
151,hirara,24.8,125.2833,86.27,74,40,5.75,JP,2021-09-19 01:20:18
152,thinadhoo,0.5333,72.9333,83.05,73,100,4.27,MV,2021-09-19 01:27:12
153,olafsvik,64.8945,-23.7142,45.21,81,100,6.31,IS,2021-09-19 01:19:39
154,haines junction,60.7522,-137.5108,48.15,81,100,1.14,CA,2021-09-19 01:19:58
155,aketi,2.7388,23.7833,69.8,98,100,2.39,CD,2021-09-19 01:27:12
156,san rafael del sur,11.8485,-86.4384,77.97,80,100,9.75,NI,2021-09-19 01:27:12
157,chokurdakh,70.6333,147.9167,34.9,59,37,6.78,RU,2021-09-19 01:20:04
158,praia da vitoria,38.7333,-27.0667,66.76,88,75,8.88,PT,2021-09-19 01:27:13
159,hoa binh,20.8133,105.3383,84.09,87,62,0.76,VN,2021-09-19 01:27:13
160,golfito,8.639,-83.166,76.19,93,100,3.11,CR,2021-09-19 01:27:13
161,koutsouras,35.0339,25.9469,78.08,66,0,2.53,GR,2021-09-19 01:27:13
162,diamantino,-14.4086,-56.4461,82.62,24,0,5.12,BR,2021-09-19 01:20:17
163,morant bay,17.8815,-76.4093,83.82,82,29,6.67,JM,2021-09-19 01:24:31
164,verkhnedneprovskiy,54.9813,33.3457,40.08,93,100,18.21,RU,2021-09-19 01:27:14
165,warrington,53.3925,-2.5802,63.79,87,40,3.0,GB,2021-09-19 01:24:14
166,tanabi,-20.6264,-49.6492,84.42,25,96,1.39,BR,2021-09-19 01:27:14
167,asfi,32.2994,-9.2372,68.67,77,0,12.17,MA,2021-09-19 01:27:14
168,miranda,3.2499,-76.2281,73.53,84,66,5.59,CO,2021-09-19 01:27:15
169,san nicolas,18.1725,120.5953,87.71,79,40,4.61,PH,2021-09-19 01:27:15
170,plettenberg bay,-34.0527,23.3716,57.78,60,0,3.98,ZA,2021-09-19 01:20:54
171,barrow,71.2906,-156.7887,35.62,80,90,13.8,US,2021-09-19 01:19:03
172,jalapa,19.5333,-96.9167,63.52,97,100,2.66,MX,2021-09-19 01:27:15
173,ixtapa,20.7,-105.2,83.43,84,90,3.44,MX,2021-09-19 01:27:15
174,mkushi,-13.6202,29.3939,59.97,84,90,10.92,ZM,2021-09-19 01:27:16
175,saskylakh,71.9167,114.0833,28.38,84,17,2.93,RU,2021-09-19 01:18:46
176,alice springs,-23.7,133.8833,69.35,32,90,16.11,AU,2021-09-19 01:18:18
177,birao,10.2849,22.7882,70.32,95,100,3.47,CF,2021-09-19 01:27:16
178,lodwar,3.1191,35.5973,78.12,63,75,2.44,KE,2021-09-19 01:27:16
179,vao,-22.6667,167.4833,68.97,60,100,15.66,NC,2021-09-19 01:20:40
180,saint anthony,45.0205,-93.218,73.06,49,1,5.99,US,2021-09-19 01:27:16
181,adrar,20.5022,-10.0711,85.66,30,70,16.35,MR,2021-09-19 01:21:02
182,oriximina,-1.7656,-55.8661,80.19,67,52,3.85,BR,2021-09-19 01:27:17
183,mazagao,-0.115,-51.2894,86.05,89,76,5.77,BR,2021-09-19 01:27:17
184,dingle,10.9995,122.6711,83.1,77,19,0.98,PH,2021-09-19 01:19:51
185,kaberamaido,1.7389,33.1594,64.58,95,100,3.02,UG,2021-09-19 01:27:13
186,iqaluit,63.7506,-68.5145,35.33,87,90,3.44,CA,2021-09-19 01:20:27
187,upernavik,72.7868,-56.1549,21.16,62,18,5.97,GL,2021-09-19 01:20:33
188,samalkha,29.2333,77.0167,75.67,89,0,5.39,IN,2021-09-19 01:27:17
189,teguise,29.0605,-13.564,70.02,78,0,8.05,ES,2021-09-19 01:27:17
190,alofi,-19.0595,-169.9187,84.09,70,4,11.5,NU,2021-09-19 01:21:20
191,peniche,39.3558,-9.3811,64.11,85,5,21.77,PT,2021-09-19 01:27:18
192,fallon,39.4735,-118.7774,80.47,15,20,23.02,US,2021-09-19 01:27:18
193,saint pete beach,27.7253,-82.7412,81.07,78,100,7.45,US,2021-09-19 01:27:18
194,colares,38.7992,-9.4469,64.08,70,5,22.08,PT,2021-09-19 01:20:27
195,cidreira,-30.1811,-50.2056,64.04,96,16,5.01,BR,2021-09-19 01:20:32
196,tarko-sale,64.9225,77.785,38.48,89,100,17.38,RU,2021-09-19 01:27:18
197,tuatapere,-46.1333,167.6833,48.81,73,100,9.22,NZ,2021-09-19 01:19:42
198,arlit,18.7369,7.3853,90.68,10,0,4.36,NE,2021-09-19 01:23:29
199,gaoua,10.2992,-3.2508,74.19,82,62,4.94,BF,2021-09-19 01:27:19
200,kudat,6.8837,116.8477,84.13,74,20,2.3,MY,2021-09-19 01:27:19
201,torbay,47.6666,-52.7314,62.38,92,90,17.27,CA,2021-09-19 01:20:13
202,tiksi,71.6872,128.8694,34.59,75,100,18.01,RU,2021-09-19 01:19:51
203,guymon,36.6828,-101.4816,84.2,39,1,11.5,US,2021-09-19 01:27:19
204,puerto rico,-26.796,-55.024,71.53,90,12,2.42,AR,2021-09-19 01:27:19
205,general roca,-39.0333,-67.5833,52.2,27,8,9.62,AR,2021-09-19 01:26:02
206,nalut,30.3333,10.85,78.75,18,0,11.95,LY,2021-09-19 01:27:20
207,portree,57.4129,-6.1942,57.85,89,87,5.46,GB,2021-09-19 01:27:20
208,gornopravdinsk,60.05,69.9,33.87,98,100,10.76,RU,2021-09-19 01:27:20
209,bambous virieux,-20.3428,57.7575,68.25,94,75,5.75,MU,2021-09-19 01:20:00
210,sakaiminato,35.55,133.2333,76.98,65,75,16.11,JP,2021-09-19 01:27:20
211,cherskiy,68.75,161.3,34.61,56,14,12.59,RU,2021-09-19 01:18:44
212,alta floresta,-9.8756,-56.0861,76.82,88,0,1.14,BR,2021-09-19 01:20:38
213,karimganj,24.8667,92.35,76.86,95,86,2.48,IN,2021-09-19 01:20:18
214,richards bay,-28.783,32.0377,56.53,80,0,7.38,ZA,2021-09-19 01:27:20
215,san diego,32.7153,-117.1573,80.06,73,1,11.5,US,2021-09-19 01:23:04
216,hit,33.6416,42.8251,81.3,28,0,7.9,IQ,2021-09-19 01:27:21
217,hamilton,39.1834,-84.5333,79.99,77,1,0.0,US,2021-09-19 01:15:45
218,bonga,7.2833,36.2333,60.17,99,100,1.34,ET,2021-09-19 01:27:21
219,grand gaube,-20.0064,57.6608,68.4,88,94,5.14,MU,2021-09-19 01:20:06
220,ilheus,-14.7889,-39.0494,71.42,88,40,4.61,BR,2021-09-19 01:27:21
221,turriff,57.5384,-2.4593,58.44,100,100,10.96,GB,2021-09-19 01:27:21
222,marathon,44.9,-89.7668,63.93,75,1,5.75,US,2021-09-19 01:27:22
223,bredasdorp,-34.5322,20.0403,50.29,93,1,6.91,ZA,2021-09-19 01:19:51
224,goderich,43.7501,-81.7165,63.91,76,100,4.61,CA,2021-09-19 01:19:51
225,saint george,37.1041,-113.5841,79.95,51,90,3.0,US,2021-09-19 01:17:01
226,cayenne,4.9333,-52.3333,83.08,81,0,1.99,GF,2021-09-19 01:19:58
227,constantine,36.365,6.6147,67.41,94,0,3.44,DZ,2021-09-19 01:27:22
228,tawang,27.5833,91.8667,56.89,70,2,2.8,IN,2021-09-19 01:19:50
229,pacific grove,36.6177,-121.9166,73.17,81,40,4.0,US,2021-09-19 01:20:51
230,qaqortoq,60.7167,-46.0333,41.5,95,100,7.25,GL,2021-09-19 01:20:54
231,sabha,27.0377,14.4283,78.64,20,0,10.09,LY,2021-09-19 01:27:22
232,smederevska palanka,44.3655,20.9589,60.01,61,88,2.57,RS,2021-09-19 01:27:22
233,yumen,40.2833,97.2,66.9,26,6,10.78,CN,2021-09-19 01:21:22
234,san jose,37.3394,-121.895,73.81,64,20,10.0,US,2021-09-19 01:25:20
235,omsukchan,62.5333,155.8,44.28,86,100,6.11,RU,2021-09-19 01:19:55
236,college,64.8569,-147.8028,45.59,52,75,12.66,US,2021-09-19 01:20:24
237,esna,25.2934,32.554,75.22,28,0,1.74,EG,2021-09-19 01:27:23
238,vagur,61.4732,-6.8119,53.06,86,100,21.99,FO,2021-09-19 01:27:23
239,berlevag,70.8578,29.0864,41.54,78,0,18.75,NO,2021-09-19 01:20:36
240,kaduqli,11.0167,29.7167,67.37,97,100,3.04,SD,2021-09-19 01:27:23
241,mandawar,29.5,78.1333,75.45,87,0,5.17,IN,2021-09-19 01:27:23
242,derazhnya,49.2692,27.4338,50.22,96,57,7.56,UA,2021-09-19 01:27:24
243,tari,12.4086,4.4914,77.94,77,49,8.12,NG,2021-09-19 01:27:24
244,sur,22.5667,59.5289,80.83,74,6,9.62,OM,2021-09-19 01:20:55
245,orda,57.1951,56.9091,35.91,88,100,15.21,RU,2021-09-19 01:27:24
246,buala,-8.145,159.5921,83.48,77,64,11.61,SB,2021-09-19 01:19:56
247,bambanglipuro,-7.95,110.2833,80.74,72,22,11.34,ID,2021-09-19 01:21:28
248,quatre cocos,-20.2078,57.7625,68.11,82,63,4.97,MU,2021-09-19 01:20:38
249,lima,-12.0432,-77.0282,58.14,82,90,10.36,PE,2021-09-19 01:26:28
250,pangnirtung,66.1451,-65.7125,32.86,83,100,3.29,CA,2021-09-19 01:20:23
251,kamaishi,39.2667,141.8833,74.35,59,44,2.28,JP,2021-09-19 01:27:25
252,leh,34.1667,77.5833,56.1,31,0,1.97,IN,2021-09-19 01:20:20
253,iquique,-20.2208,-70.1431,59.04,77,73,2.15,CL,2021-09-19 01:25:53
254,ahipara,-35.1667,173.1667,57.22,64,100,9.19,NZ,2021-09-19 01:20:36
255,ossora,59.2353,163.0719,55.6,63,99,3.11,RU,2021-09-19 01:21:06
256,siilinjarvi,63.0833,27.6667,37.42,93,75,2.3,FI,2021-09-19 01:27:25
257,kazanskoye,55.6448,69.235,34.18,90,8,12.17,RU,2021-09-19 01:27:25
258,blind river,46.1834,-82.9582,51.91,68,88,3.94,CA,2021-09-19 01:27:25
259,meadow lake,34.8014,-106.5436,84.33,28,13,11.21,US,2021-09-19 01:20:29
260,takoradi,4.8845,-1.7554,74.77,93,100,5.68,GH,2021-09-19 01:27:26
261,loukhi,66.0764,33.0381,40.03,80,100,3.51,RU,2021-09-19 01:27:26
262,vardo,70.3705,31.1107,43.47,77,4,19.55,NO,2021-09-19 01:19:41
263,lompoc,34.6391,-120.4579,70.02,74,1,10.36,US,2021-09-19 01:21:05
264,bernalillo,35.05,-106.6673,86.18,26,75,3.44,US,2021-09-19 01:27:26
265,lakes entrance,-37.8811,147.981,65.16,43,100,11.07,AU,2021-09-19 01:27:26
266,caravelas,-17.7125,-39.2481,71.26,84,6,7.05,BR,2021-09-19 01:21:09
267,riverbank,37.736,-120.9355,82.74,57,1,10.0,US,2021-09-19 01:27:27
268,petropavlovsk-kamchatskiy,53.0452,158.6483,57.79,51,20,4.47,RU,2021-09-19 01:20:01
269,bang saphan,11.2126,99.5117,82.35,81,98,4.72,TH,2021-09-19 01:24:47
270,sinnamary,5.3833,-52.95,79.09,86,66,6.98,GF,2021-09-19 01:22:27
271,praia,14.9215,-23.5087,79.34,94,40,5.75,CV,2021-09-19 01:20:09
272,flin flon,54.7682,-101.865,62.11,51,100,9.8,CA,2021-09-19 01:15:44
273,taksimo,56.3444,114.8794,44.92,61,38,1.41,RU,2021-09-19 01:27:27
274,kahului,20.8947,-156.47,86.02,65,40,24.16,US,2021-09-19 01:16:03
275,naze,28.3667,129.4833,81.52,64,9,5.26,JP,2021-09-19 01:19:02
276,riyadh,24.6877,46.7219,80.74,17,0,6.67,SA,2021-09-19 01:23:29
277,husavik,66.0449,-17.3389,42.71,85,48,9.73,IS,2021-09-19 01:27:27
278,leningradskiy,69.3833,178.4167,28.35,83,97,18.95,RU,2021-09-19 01:20:06
279,morrinhos,-17.7311,-49.0994,75.36,27,6,4.99,BR,2021-09-19 01:24:41
280,chimore,-16.9833,-65.1333,84.15,47,98,2.39,BO,2021-09-19 01:27:27
281,kaitangata,-46.2817,169.8464,54.84,56,100,7.74,NZ,2021-09-19 01:19:45
282,road town,18.4167,-64.6167,82.0,73,4,13.85,VG,2021-09-19 01:25:58
283,finschhafen,-6.6024,147.8681,75.67,96,100,12.26,PG,2021-09-19 01:21:21
284,ostrovnoy,68.0531,39.5131,36.86,80,8,2.89,RU,2021-09-19 01:20:15
285,gasa,31.5,34.4667,73.9,63,0,7.83,PS,2021-09-19 01:27:28
286,codrington,-38.2667,141.9667,52.66,85,100,21.56,AU,2021-09-19 01:19:41
287,sabang,5.8933,95.3214,81.37,71,100,6.73,ID,2021-09-19 01:27:28
288,lebu,-37.6167,-73.65,47.97,80,3,9.84,CL,2021-09-19 01:15:17
289,krasnoborsk,61.5598,45.934,35.2,88,100,6.76,RU,2021-09-19 01:27:28
290,tasiilaq,65.6145,-37.6368,37.56,67,100,4.85,GL,2021-09-19 01:18:13
291,xapuri,-10.6517,-68.5044,80.62,58,5,2.55,BR,2021-09-19 01:27:29
292,sao joao da barra,-21.6403,-41.0511,73.4,86,8,9.66,BR,2021-09-19 01:21:04
293,maxixe,-23.8597,35.3472,65.39,55,91,7.11,MZ,2021-09-19 01:20:40
294,klaksvik,62.2266,-6.589,54.52,88,100,22.53,FO,2021-09-19 01:19:54
295,auki,-8.7676,160.7034,84.96,69,31,5.3,SB,2021-09-19 01:20:47
296,verkhnevilyuysk,63.4453,120.3167,38.84,67,100,7.0,RU,2021-09-19 01:21:09
297,buckeye,33.3703,-112.5838,90.28,52,2,9.22,US,2021-09-19 01:26:59
298,yulara,-25.2406,130.9889,75.04,27,0,11.5,AU,2021-09-19 01:27:29
299,neon monastirion,39.2333,22.25,75.02,51,17,4.94,GR,2021-09-19 01:27:29
300,dandong,40.1292,124.3947,71.24,77,97,1.54,CN,2021-09-19 01:27:29
301,provideniya,64.3833,-173.3,47.82,80,11,7.45,RU,2021-09-19 01:19:44
302,beringovskiy,63.05,179.3167,49.32,63,7,3.96,RU,2021-09-19 01:18:09
303,saint-augustin,51.226,-58.6502,57.36,70,100,9.28,CA,2021-09-19 01:20:57
304,new iberia,30.0035,-91.8187,81.1,83,1,3.44,US,2021-09-19 01:27:30
305,viransehir,37.2353,39.7631,74.62,29,0,5.77,TR,2021-09-19 01:27:30
306,petropavlovka,50.6114,105.3196,56.66,76,9,2.55,RU,2021-09-19 01:27:30
307,mount isa,-20.7333,139.5,85.77,26,0,12.66,AU,2021-09-19 01:20:13
308,kinna,57.5073,12.6946,49.35,76,84,4.81,SE,2021-09-19 01:27:30
309,shimoda,34.6667,138.95,75.56,82,100,18.72,JP,2021-09-19 01:20:29
310,pitimbu,-7.4706,-34.8086,75.79,79,17,13.8,BR,2021-09-19 01:27:31
311,arman,59.7,150.1667,49.41,86,77,6.02,RU,2021-09-19 01:21:22
312,nata,8.3333,-80.5167,78.22,89,100,4.94,PA,2021-09-19 01:27:31
313,zhigansk,66.7697,123.3711,34.57,76,100,13.44,RU,2021-09-19 01:27:31
314,zhanakorgan,43.9098,67.2495,62.55,24,2,13.44,KZ,2021-09-19 01:27:31
315,honiara,-9.4333,159.95,87.33,66,27,11.59,SB,2021-09-19 01:27:32
316,lira,2.235,32.9097,63.46,98,98,1.72,UG,2021-09-19 01:27:32
317,qiongshan,20.0058,110.3542,85.98,84,75,4.47,CN,2021-09-19 01:27:32
318,amahai,-3.3333,128.9167,79.59,81,85,3.2,ID,2021-09-19 01:27:32
319,concepcion,-36.827,-73.0498,51.6,76,0,10.36,CL,2021-09-19 01:23:42
320,dudinka,69.4058,86.1778,39.96,94,100,11.1,RU,2021-09-19 01:20:48
321,dwarka,22.2394,68.9678,81.27,83,100,6.89,IN,2021-09-19 01:27:33
322,hami,42.8,93.45,72.39,22,4,6.58,CN,2021-09-19 01:20:16
323,paragominas,-2.9667,-47.4833,75.22,83,64,3.53,BR,2021-09-19 01:27:33
324,mareeba,-17.0,145.4333,80.44,50,52,9.8,AU,2021-09-19 01:27:33
325,ternate,0.8,127.4,82.42,71,26,1.52,ID,2021-09-19 01:21:09
326,juazeirinho,-6.8167,-38.05,83.88,40,80,10.11,BR,2021-09-19 01:27:33
327,ponta do sol,32.6667,-17.1,72.23,63,20,7.4,PT,2021-09-19 01:20:13
328,beidao,34.5686,105.8933,62.6,80,2,0.34,CN,2021-09-19 01:27:33
329,kushmurun,52.4503,64.6311,35.6,90,13,10.49,KZ,2021-09-19 01:27:34
330,rognan,67.0953,15.3878,49.87,71,100,7.54,NO,2021-09-19 01:27:34
331,novyye lyady,58.0536,56.6039,38.44,92,100,10.47,RU,2021-09-19 01:27:34
332,nanortalik,60.1432,-45.2371,41.02,92,100,11.61,GL,2021-09-19 01:19:46
333,garbsen,52.4167,9.6,57.45,87,75,10.36,DE,2021-09-19 01:27:34
334,union,40.6334,-74.2663,79.21,75,1,8.05,US,2021-09-19 01:27:35
335,kirkenes,69.7271,30.0458,43.75,61,90,10.36,NO,2021-09-19 01:27:35
336,altamira,-3.2033,-52.2064,75.51,75,39,2.55,BR,2021-09-19 01:27:35
337,castres,43.5833,2.1667,60.26,96,90,8.05,FR,2021-09-19 01:27:35
338,nazareno etla,17.1783,-96.8239,63.39,88,100,3.11,MX,2021-09-19 01:27:36
339,ulaanbaatar,47.9077,106.8832,48.33,81,75,0.0,MN,2021-09-19 01:18:12
340,buin,-33.7333,-70.75,53.64,82,40,3.2,CL,2021-09-19 01:27:36
341,thai binh,20.45,106.3333,86.0,74,100,4.61,VN,2021-09-19 01:27:36
342,west bay,19.3667,-81.4167,84.27,83,20,3.0,KY,2021-09-19 01:27:36
343,port-cartier,50.0334,-66.8654,57.92,70,100,7.72,CA,2021-09-19 01:27:08
344,taoudenni,22.6783,-3.9836,95.11,16,2,24.16,ML,2021-09-19 01:20:12
345,kumluca,36.3703,30.2869,78.94,50,0,3.69,TR,2021-09-19 01:27:37
346,wanning,18.8003,110.3967,84.85,75,31,4.79,CN,2021-09-19 01:21:17
347,marsa matruh,31.3525,27.2453,73.6,88,40,4.61,EG,2021-09-19 01:27:37
348,bandarbeyla,9.4942,50.8122,79.0,78,100,22.66,SO,2021-09-19 01:21:26
349,shingu,33.7333,135.9833,83.39,61,85,1.59,JP,2021-09-19 01:19:56
350,isangel,-19.55,169.2667,75.72,63,28,14.32,VU,2021-09-19 01:20:56
351,arbroath,56.5632,-2.5874,58.98,98,96,4.14,GB,2021-09-19 01:27:37
352,kostomuksha,64.571,30.5767,39.06,86,100,3.13,RU,2021-09-19 01:27:37
353,krasnoselkup,65.7,82.4667,39.49,88,93,8.97,RU,2021-09-19 01:27:38
354,vestmannaeyjar,63.4427,-20.2734,52.09,85,14,12.97,IS,2021-09-19 01:21:00
355,boa vista,2.8197,-60.6733,82.38,74,75,6.91,BR,2021-09-19 01:27:38
356,stornoway,58.2093,-6.3865,55.92,88,40,5.75,GB,2021-09-19 01:27:38
357,nishihara,26.1842,127.7558,83.86,70,20,6.91,JP,2021-09-19 01:19:44
358,majene,-3.5403,118.9707,80.73,69,30,8.28,ID,2021-09-19 01:27:38
359,augusta,48.3667,10.8833,47.88,95,25,4.61,DE,2021-09-19 01:25:28
360,bogande,12.9714,-0.1436,79.27,69,49,10.89,BF,2021-09-19 01:27:39
361,buka,40.8108,69.1986,63.52,29,0,6.8,UZ,2021-09-19 01:27:39
362,samarai,-10.6167,150.6667,78.49,87,100,20.33,PG,2021-09-19 01:27:39
363,baculin,7.4525,126.5842,83.71,68,100,1.03,PH,2021-09-19 01:24:07
364,berbera,10.4396,45.0143,88.47,61,1,8.1,SO,2021-09-19 01:27:39
365,neuquen,-38.9516,-68.0591,51.69,54,0,0.0,AR,2021-09-19 01:26:35
366,hasaki,35.7333,140.8333,77.4,72,100,26.35,JP,2021-09-19 01:19:15
367,olenino,56.2092,33.4889,39.49,75,100,13.47,RU,2021-09-19 01:27:40
368,caibarien,22.5206,-79.4669,79.92,83,100,9.8,CU,2021-09-19 01:27:40
369,aklavik,68.2191,-135.0107,45.32,74,100,6.02,CA,2021-09-19 01:19:13
370,bonthe,7.5264,-12.505,76.95,89,100,4.32,SL,2021-09-19 01:19:55
371,noumea,-22.2763,166.4572,78.78,55,23,16.08,NC,2021-09-19 01:15:37
372,atar,20.5169,-13.0499,84.25,42,70,11.52,MR,2021-09-19 01:27:40
373,krasnaya gora,52.9995,31.6023,49.91,96,100,13.35,RU,2021-09-19 01:27:40
374,salisbury,51.0693,-1.7957,60.58,94,90,4.61,GB,2021-09-19 01:27:41
375,yabelo,4.8833,38.0833,62.37,72,99,3.11,ET,2021-09-19 01:27:41
376,khandyga,62.6667,135.6,45.12,89,100,5.5,RU,2021-09-19 01:27:41
377,bellegarde-sur-valserine,46.1079,5.8242,61.54,98,99,3.89,FR,2021-09-19 01:27:41
378,beira,-19.8436,34.8389,71.69,64,40,12.66,MZ,2021-09-19 01:27:41
379,chernyshevskiy,63.0128,112.4714,39.42,63,97,4.0,RU,2021-09-19 01:27:42
380,tomari,47.7658,142.0683,58.35,51,78,13.4,RU,2021-09-19 01:27:42
381,fort frances,48.5999,-93.4003,66.06,52,1,8.05,CA,2021-09-19 01:24:53
382,kikwit,-5.041,18.8162,74.43,70,98,0.98,CD,2021-09-19 01:27:42
383,tahoua,14.8888,5.2692,84.0,57,98,17.52,NE,2021-09-19 01:27:42
384,padang,-0.9492,100.3543,75.25,96,100,3.96,ID,2021-09-19 01:19:53
385,akyab,20.15,92.9,80.02,85,100,6.13,MM,2021-09-19 01:27:43
386,xining,36.6167,101.7667,50.36,69,13,3.58,CN,2021-09-19 01:27:43
387,brezoi,45.338,24.2486,49.68,72,3,5.99,RO,2021-09-19 01:27:43
388,nanakuli,21.3906,-158.1547,89.55,48,40,11.5,US,2021-09-19 01:27:43
389,tecoanapa,16.5167,-98.75,80.17,78,100,2.33,MX,2021-09-19 01:27:44
390,ndende,-2.4008,11.3581,72.54,89,100,1.74,GA,2021-09-19 01:27:44
391,ambon,-3.6954,128.1814,79.16,86,96,10.09,ID,2021-09-19 01:27:44
392,new delhi,28.6128,77.2311,78.96,94,20,4.61,IN,2021-09-19 01:27:44
393,akureyri,65.6835,-18.0878,42.73,93,75,5.75,IS,2021-09-19 01:27:45
394,haukipudas,65.1765,25.3523,42.85,95,100,6.87,FI,2021-09-19 01:27:45
395,uttaradit,17.6667,100.5,77.76,93,59,0.34,TH,2021-09-19 01:27:45
396,mogadishu,2.0371,45.3438,76.93,82,21,16.15,SO,2021-09-19 01:27:45
397,san quintin,30.4833,-115.95,70.18,71,0,17.74,MX,2021-09-19 01:21:14
398,port blair,11.6667,92.75,81.43,80,52,5.37,IN,2021-09-19 01:27:45
399,igrim,63.1906,64.4162,32.74,97,100,15.79,RU,2021-09-19 01:27:46
400,fredericksburg,38.3032,-77.4605,77.41,85,1,0.0,US,2021-09-19 01:27:46
401,warrnambool,-38.3833,142.4833,56.8,77,100,27.2,AU,2021-09-19 01:27:46
402,faya,18.3851,42.4509,64.51,22,76,3.8,SA,2021-09-19 01:27:46
403,nushki,29.5542,66.0215,77.68,14,0,6.38,PK,2021-09-19 01:27:47
404,mehamn,71.0357,27.8492,41.29,78,0,13.0,NO,2021-09-19 01:21:27
405,nome,64.5011,-165.4064,47.16,71,90,13.8,US,2021-09-19 01:21:00
406,bangarapet,12.9667,78.2,76.01,68,100,0.92,IN,2021-09-19 01:27:47
407,am timan,11.0297,20.2827,73.4,77,100,1.77,TD,2021-09-19 01:20:28
408,yaita,36.8,139.9333,75.49,55,38,5.08,JP,2021-09-19 01:27:47
409,guhagar,17.4842,73.1929,74.97,93,100,4.92,IN,2021-09-19 01:27:47
410,fort nelson,58.8053,-122.7002,47.79,76,75,3.44,CA,2021-09-19 01:19:50
411,caraballeda,10.6112,-66.8522,81.37,81,31,4.61,VE,2021-09-19 01:27:48
412,sola,-13.8833,167.55,79.9,78,11,21.45,VU,2021-09-19 01:27:33
413,talnakh,69.4865,88.3972,40.93,97,100,3.2,RU,2021-09-19 01:27:48
414,katangli,51.7102,143.2326,53.15,54,18,16.55,RU,2021-09-19 01:27:48
415,baykit,61.67,96.37,43.84,88,90,0.89,RU,2021-09-19 01:27:48
416,ponta delgada,37.7333,-25.6667,66.92,72,40,8.05,PT,2021-09-19 01:27:49
417,pahrump,36.2083,-115.9839,89.06,7,0,1.01,US,2021-09-19 01:20:15
418,tura,25.5198,90.2201,73.98,95,34,2.73,IN,2021-09-19 01:15:58
419,port moresby,-9.4431,147.1797,84.92,67,84,17.36,PG,2021-09-19 01:27:49
420,la ronge,55.1001,-105.2842,57.45,72,75,9.22,CA,2021-09-19 01:21:02
421,recea,47.6333,23.5167,55.31,94,90,3.44,RO,2021-09-19 01:27:49
422,lata,40.1629,-8.3327,61.81,96,8,2.17,PT,2021-09-19 01:18:04
423,poum,-20.2333,164.0167,71.28,61,0,5.01,NC,2021-09-19 01:19:09
424,ucluelet,48.9329,-125.5528,59.09,89,33,8.63,CA,2021-09-19 01:23:53
425,mazatlan,23.2167,-106.4167,86.92,80,20,5.01,MX,2021-09-19 01:27:23
426,atambua,-9.1061,124.8925,83.32,42,34,3.4,ID,2021-09-19 01:27:49
427,kuytun,54.3419,101.5036,49.78,83,95,3.83,RU,2021-09-19 01:27:50
428,caucaia,-3.7361,-38.6531,80.55,73,20,17.27,BR,2021-09-19 01:23:38
429,katsuura,35.1333,140.3,80.64,72,93,26.04,JP,2021-09-19 01:20:17
430,inverness,57.4791,-4.224,55.38,95,75,0.0,GB,2021-09-19 01:27:50
431,rawson,-43.3002,-65.1023,52.95,49,4,8.05,AR,2021-09-19 01:27:50
432,wau,7.7029,27.9953,67.5,97,27,2.04,SS,2021-09-19 01:27:50
433,nouadhibou,20.931,-17.0347,75.72,78,73,8.37,MR,2021-09-19 01:20:29
434,bengkulu,-3.8004,102.2655,77.49,87,86,9.89,ID,2021-09-19 01:27:51
435,teeli,51.0333,90.2333,52.88,56,0,0.81,RU,2021-09-19 01:27:51
436,barinas,8.6226,-70.2075,76.69,89,89,2.64,VE,2021-09-19 01:27:51
437,garoua,9.3,13.4,74.17,92,50,4.05,CM,2021-09-19 01:27:51
438,bolshaya sosnova,57.6713,54.6029,36.37,79,100,13.67,RU,2021-09-19 01:27:52
439,balabac,7.9868,117.0645,83.66,73,72,7.4,PH,2021-09-19 01:27:52
440,suhbaatar,50.2314,106.2078,57.97,68,82,1.61,MN,2021-09-19 01:27:52
441,henties bay,-22.116,14.2845,52.86,93,0,6.49,NA,2021-09-19 01:20:49
442,myitkyina,25.3833,97.4,74.21,99,99,0.63,MM,2021-09-19 01:27:52
443,jaypur,18.85,82.5833,72.1,92,100,1.1,IN,2021-09-19 01:27:53
444,yavaros,26.7,-109.5167,93.45,64,75,13.73,MX,2021-09-19 01:27:53
445,pangkalanbuun,-2.6833,111.6167,82.92,68,27,5.77,ID,2021-09-19 01:24:40
446,grindavik,63.8424,-22.4338,48.15,93,75,8.05,IS,2021-09-19 01:21:07
447,caudebec-les-elbeuf,49.2808,1.022,63.14,96,75,4.61,FR,2021-09-19 01:27:53
448,kualakapuas,-3.0091,114.3876,82.56,65,14,3.51,ID,2021-09-19 01:27:53
449,duayaw nkwanta,7.1724,-2.1028,69.69,100,98,2.57,GH,2021-09-19 01:27:54
450,paamiut,61.994,-49.6678,36.68,82,100,10.38,GL,2021-09-19 01:27:54
451,nelson bay,-32.7167,152.15,71.29,39,0,1.99,AU,2021-09-19 01:24:04
452,coquimbo,-29.9533,-71.3436,53.33,87,0,3.44,CL,2021-09-19 01:21:12
453,porto nacional,-10.7081,-48.4172,80.6,25,5,2.01,BR,2021-09-19 01:27:12
454,aitape,-3.1374,142.3475,81.64,83,99,5.93,PG,2021-09-19 01:27:54
455,nisia floresta,-6.0911,-35.2086,79.18,80,6,9.82,BR,2021-09-19 01:23:03
456,kununurra,-15.7667,128.7333,84.18,65,12,5.75,AU,2021-09-19 01:23:35
457,constitucion,-35.3333,-72.4167,49.73,75,15,13.47,CL,2021-09-19 01:20:15
458,dubbo,-32.25,148.6167,62.73,39,0,5.75,AU,2021-09-19 01:27:55
459,edd,13.9297,41.6925,87.06,64,71,5.86,ER,2021-09-19 01:27:55
460,kodinsk,58.6881,99.1844,51.87,95,45,4.76,RU,2021-09-19 01:21:08
461,gladstone,-23.85,151.25,75.13,50,0,8.05,AU,2021-09-19 01:27:55
462,coahuayana,18.7333,-103.6833,78.28,93,100,2.08,MX,2021-09-19 01:20:07
463,kalmunai,7.4167,81.8167,79.39,85,100,6.58,LK,2021-09-19 01:27:55
464,santa ana,33.7456,-117.8678,84.04,65,1,1.01,US,2021-09-19 01:24:03
465,dubti,11.7361,41.0853,87.8,30,7,10.45,ET,2021-09-19 01:27:56
466,moron,-34.6534,-58.6198,63.01,93,0,1.99,AR,2021-09-19 01:27:56
467,karachi,24.9056,67.0822,82.22,83,40,8.05,PK,2021-09-19 01:24:33
468,tabas,33.5959,56.9244,77.86,15,0,2.01,IR,2021-09-19 01:27:56
469,gamboula,4.1178,15.1393,68.32,99,100,2.1,CF,2021-09-19 01:27:56
470,varhaug,58.6147,5.6457,56.89,75,100,26.06,NO,2021-09-19 01:27:57
471,numan,9.4667,12.0333,74.77,91,100,5.91,NG,2021-09-19 01:27:57
472,sao felix do xingu,-6.6447,-51.995,77.95,50,12,1.16,BR,2021-09-19 01:27:57
473,blytheville,35.9273,-89.919,76.93,83,1,5.75,US,2021-09-19 01:27:57
474,yaan,7.3833,8.5667,73.04,95,98,5.75,NG,2021-09-19 01:27:58
475,teguldet,57.3064,88.1667,44.11,78,100,6.4,RU,2021-09-19 01:27:58
476,miraflores,19.2167,-98.8083,59.65,94,99,2.62,MX,2021-09-19 01:27:58
477,marawi,7.9986,124.2928,76.64,68,59,0.43,PH,2021-09-19 01:19:39
478,batagay-alyta,67.8006,130.4114,28.83,87,100,10.63,RU,2021-09-19 01:20:57
479,copiapo,-27.3667,-70.3333,51.49,61,100,2.33,CL,2021-09-19 01:27:58
480,saldanha,-33.0117,17.9442,57.25,86,100,21.12,ZA,2021-09-19 01:19:59
481,sompeta,18.9333,84.6,81.66,80,100,2.26,IN,2021-09-19 01:27:59
482,yacuiba,-22.038,-63.6797,75.99,48,7,2.62,BO,2021-09-19 01:20:43
483,rothenbach,47.6167,9.9833,54.54,91,43,3.85,DE,2021-09-19 01:27:59
484,izhma,65.0083,53.9113,35.78,87,100,11.7,RU,2021-09-19 01:27:59
485,nemuro,43.3236,145.575,68.43,85,100,15.3,JP,2021-09-19 01:27:59
486,oltu,40.5498,42.0013,55.42,80,9,0.76,TR,2021-09-19 01:28:00
487,flinders,-34.5833,150.8552,72.05,43,7,8.99,AU,2021-09-19 01:28:00
488,tuy hoa,13.0833,109.3,75.13,94,100,4.45,VN,2021-09-19 01:17:54
489,ullapool,57.8987,-5.1604,54.75,84,98,5.55,GB,2021-09-19 01:28:00
490,sobolevo,54.4299,31.8996,42.39,94,100,19.26,RU,2021-09-19 01:28:00
491,half moon bay,37.4636,-122.4286,72.75,83,90,4.61,US,2021-09-19 01:27:05
492,pyay,18.8167,95.2167,76.37,93,100,5.12,MM,2021-09-19 01:28:00
493,namibe,-15.1961,12.1522,59.45,86,8,3.38,AO,2021-09-19 01:19:48
494,san angelo,31.4638,-100.437,89.55,42,1,4.0,US,2021-09-19 01:24:12
495,samoded,63.6083,40.5111,37.83,79,100,3.29,RU,2021-09-19 01:28:01
496,qinnan,33.2531,119.9133,76.39,74,0,13.09,CN,2021-09-19 01:28:01
497,toppenish,46.3774,-120.3087,64.81,57,30,17.65,US,2021-09-19 01:28:01
498,margate,51.3813,1.3862,62.31,89,100,9.04,GB,2021-09-19 01:19:54
499,sitka,57.0531,-135.33,53.49,82,90,0.0,US,2021-09-19 01:15:52
500,christchurch,-43.5333,172.6333,62.8,55,99,5.99,NZ,2021-09-19 01:28:02
501,nabire,-3.3667,135.4833,80.46,79,100,1.7,ID,2021-09-19 01:20:09
502,san isidro,-12.1167,-77.05,59.25,85,90,10.36,PE,2021-09-19 01:28:02
503,namatanai,-3.6667,152.4333,84.15,72,78,9.08,PG,2021-09-19 01:20:21
504,araouane,18.9048,-3.5265,95.22,17,46,8.21,ML,2021-09-19 01:20:10
505,kontagora,10.3999,5.4695,72.59,93,29,1.68,NG,2021-09-19 01:28:02
506,cercal,37.806,-8.6715,60.75,77,1,7.43,PT,2021-09-19 01:28:02
507,menongue,-14.6585,17.691,67.77,63,97,5.21,AO,2021-09-19 01:28:03
508,komatipoort,-25.4332,31.9548,59.05,78,1,2.08,ZA,2021-09-19 01:28:03
509,hatillo,18.4863,-66.8254,81.1,87,6,8.63,PR,2021-09-19 01:28:03
510,tautira,-17.7333,-149.15,80.62,81,88,18.37,PF,2021-09-19 01:28:03
511,maba,24.6841,113.5984,84.15,74,1,2.51,CN,2021-09-19 01:28:04
512,alibag,18.6411,72.8792,80.67,88,94,7.56,IN,2021-09-19 01:28:04
513,dataganj,28.0333,79.4,76.42,92,0,4.99,IN,2021-09-19 01:28:04
514,ahuimanu,21.4447,-157.8378,89.31,64,40,16.11,US,2021-09-19 01:28:04
515,gat,31.61,34.7642,73.4,68,0,5.55,IL,2021-09-19 01:21:16
516,north augusta,33.5018,-81.9651,80.15,71,75,0.0,US,2021-09-19 01:28:05
517,ilo,-17.6394,-71.3375,60.19,80,75,2.15,PE,2021-09-19 01:28:05
518,rock sound,24.9,-76.2,83.43,73,3,8.77,BS,2021-09-19 01:28:05
519,kaoma,-14.7833,24.8,70.3,54,10,10.47,ZM,2021-09-19 01:28:05
520,carahue,-38.7,-73.1667,48.4,92,42,2.39,CL,2021-09-19 01:28:05
521,kamenka,51.3223,42.7678,48.87,52,100,11.21,RU,2021-09-19 01:28:06
522,gayny,60.3071,54.3241,35.29,83,100,10.4,RU,2021-09-19 01:28:06
523,labuhan,-6.8844,112.2051,82.27,68,4,5.68,ID,2021-09-19 01:19:50
524,inyonga,-6.7167,32.0667,72.21,42,100,7.36,TZ,2021-09-19 01:28:06
525,sadsadan,16.9333,120.8667,73.42,62,100,2.04,PH,2021-09-19 01:28:06
526,guaruja,-23.9931,-46.2564,76.15,92,18,1.63,BR,2021-09-19 01:28:07
527,san borja,-14.8167,-66.85,85.15,42,33,3.6,BO,2021-09-19 01:28:07
528,lekoni,-1.5843,14.2591,73.4,83,100,4.27,GA,2021-09-19 01:28:07
529,tessalit,20.1986,1.0114,88.99,13,0,11.1,ML,2021-09-19 01:28:07
530,bela,25.9333,81.9833,78.98,84,4,1.1,IN,2021-09-19 01:28:08
531,virginia beach,36.8529,-75.978,76.03,88,1,0.0,US,2021-09-19 01:25:30
532,barranca,-10.75,-77.7667,60.51,83,54,7.67,PE,2021-09-19 01:28:08
533,oyem,1.5995,11.5793,66.47,99,100,1.92,GA,2021-09-19 01:28:08
534,batemans bay,-35.7167,150.1833,64.98,34,100,12.08,AU,2021-09-19 01:28:08
535,cairns,-16.9167,145.7667,85.06,51,75,19.57,AU,2021-09-19 01:25:58
536,jiquilisco,13.3167,-88.5833,80.58,82,100,2.3,SV,2021-09-19 01:28:09
537,hurghada,27.2574,33.8129,80.64,44,0,9.22,EG,2021-09-19 01:28:09
538,tacoronte,28.4769,-16.4102,68.25,86,0,5.99,ES,2021-09-19 01:28:09
539,malatya,38.5,38.0,53.65,51,0,4.61,TR,2021-09-19 01:28:09
540,kearney,40.6995,-99.0815,79.84,63,1,11.01,US,2021-09-19 01:28:10
541,san policarpo,12.1791,125.5072,82.04,80,100,3.11,PH,2021-09-19 01:28:10
542,murillo,4.8739,-75.1715,52.29,90,70,3.78,CO,2021-09-19 01:28:10
543,great falls,47.5002,-111.3008,75.92,30,90,20.71,US,2021-09-19 01:28:10
544,barcelos,41.5388,-8.6151,59.92,87,11,5.1,PT,2021-09-19 01:28:11
545,srednekolymsk,67.45,153.6833,35.73,51,69,18.12,RU,2021-09-19 01:24:38
546,masuguru,-11.3667,38.4167,72.91,78,48,2.35,TZ,2021-09-19 01:28:11
547,quang ngai,15.1167,108.8,80.76,80,100,3.76,VN,2021-09-19 01:23:55
548,nizhniy odes,63.6445,54.856,33.73,82,100,13.09,RU,2021-09-19 01:28:11
549,sale,34.0389,-6.8166,71.62,83,75,0.0,MA,2021-09-19 01:26:40
550,laredo,27.5064,-99.5075,95.0,49,75,12.66,US,2021-09-19 01:24:28
551,misratah,32.3754,15.0925,79.61,72,0,15.99,LY,2021-09-19 01:28:12
552,marana,32.4367,-111.2254,91.18,59,75,5.75,US,2021-09-19 01:28:12
